<?xml version="1.0" encoding="UTF-8"?>
<deploy
 date="2022.10.21.10:05:19"
 outputDirectory="C:/_WORK/22.1pro/S10_temp/ip_resetrelease/">
 <perimeter>
  <parameter
     name="AUTO_GENERATION_ID"
     type="Integer"
     defaultValue="0"
     onHdl="0"
     affectsHdl="1" />
  <parameter
     name="AUTO_UNIQUE_ID"
     type="String"
     defaultValue=""
     onHdl="0"
     affectsHdl="1" />
  <parameter
     name="AUTO_DEVICE_FAMILY"
     type="String"
     defaultValue="Stratix 10"
     onHdl="0"
     affectsHdl="1" />
  <parameter
     name="AUTO_DEVICE"
     type="String"
     defaultValue="1SG280HU2F50E2VG"
     onHdl="0"
     affectsHdl="1" />
  <parameter
     name="AUTO_DEVICE_SPEEDGRADE"
     type="String"
     defaultValue="2"
     onHdl="0"
     affectsHdl="1" />
  <interface name="ninit_done" kind="conduit" start="0">
   <property name="associatedClock" value="" />
   <property name="associatedReset" value="" />
   <property name="prSafe" value="false" />
   <port name="ninit_done" direction="output" role="ninit_done" width="1" />
  </interface>
 </perimeter>
 <entity kind="ip_resetrelease" version="1.0" name="ip_resetrelease">
  <parameter name="AUTO_GENERATION_ID" value="0" />
  <parameter name="AUTO_DEVICE" value="1SG280HU2F50E2VG" />
  <parameter name="AUTO_DEVICE_FAMILY" value="Stratix 10" />
  <parameter name="AUTO_UNIQUE_ID" value="" />
  <parameter name="AUTO_DEVICE_SPEEDGRADE" value="2" />
  <generatedFiles>
   <file
       path="C:\_WORK\22.1pro\S10_temp\ip_resetrelease\synth\ip_resetrelease.v"
       attributes="CONTAINS_INLINE_CONFIGURATION" />
  </generatedFiles>
  <childGeneratedFiles>
   <file
       path="C:\_WORK\22.1pro\S10_temp\ip_resetrelease\synth\ip_resetrelease.v"
       attributes="CONTAINS_INLINE_CONFIGURATION" />
  </childGeneratedFiles>
  <sourceFiles>
   <file path="C:/_WORK/22.1pro/S10_temp/ip_resetrelease.ip" />
  </sourceFiles>
  <childSourceFiles>
   <file
       path="C:/intelfpga_pro/22.1/ip/altera/pgm/altera_s10_user_rst_clkgate/altera_s10_user_rst_clkgate_hw.tcl" />
  </childSourceFiles>
  <messages>
   <message level="Info" culprit="ip_resetrelease">"Generating: ip_resetrelease"</message>
   <message level="Info" culprit="ip_resetrelease">"Generating: altera_s10_user_rst_clkgate"</message>
   <message level="Info" culprit="s10_user_rst_clkgate_0">generating top-level entity altera_s10_user_rst_clkgate</message>
  </messages>
 </entity>
 <entity
   kind="altera_s10_user_rst_clkgate"
   version="19.3.2"
   name="altera_s10_user_rst_clkgate">
  <parameter name="DEVICE_FAMILY" value="Stratix 10" />
  <parameter name="outputType" value="Conduit Interface" />
  <generatedFiles>
   <file
       path="C:\_WORK\22.1pro\S10_temp\ip_resetrelease\altera_s10_user_rst_clkgate_1932\synth\altera_s10_user_rst_clkgate.sv"
       attributes="TOP_LEVEL_FILE" />
  </generatedFiles>
  <childGeneratedFiles>
   <file
       path="C:\_WORK\22.1pro\S10_temp\ip_resetrelease\altera_s10_user_rst_clkgate_1932\synth\altera_s10_user_rst_clkgate.sv"
       attributes="TOP_LEVEL_FILE" />
  </childGeneratedFiles>
  <sourceFiles>
   <file
       path="C:/intelfpga_pro/22.1/ip/altera/pgm/altera_s10_user_rst_clkgate/altera_s10_user_rst_clkgate_hw.tcl" />
  </sourceFiles>
  <childSourceFiles/>
  <instantiator instantiator="ip_resetrelease" as="s10_user_rst_clkgate_0" />
  <messages>
   <message level="Info" culprit="ip_resetrelease">"Generating: altera_s10_user_rst_clkgate"</message>
   <message level="Info" culprit="s10_user_rst_clkgate_0">generating top-level entity altera_s10_user_rst_clkgate</message>
  </messages>
 </entity>
</deploy>
