<?xml version="1.0" encoding="UTF-8"?>
<deploy
 date="2022.10.24.16:13:15"
 outputDirectory="C:/_WORK/22.1pro/S10_temp/ip/qsys_top/qsys_top_axi_timeout_bridge_0/">
 <perimeter>
  <parameter
     name="AUTO_GENERATION_ID"
     type="Integer"
     defaultValue="0"
     onHdl="0"
     affectsHdl="1" />
  <parameter
     name="AUTO_UNIQUE_ID"
     type="String"
     defaultValue=""
     onHdl="0"
     affectsHdl="1" />
  <parameter
     name="AUTO_DEVICE_FAMILY"
     type="String"
     defaultValue="Stratix 10"
     onHdl="0"
     affectsHdl="1" />
  <parameter
     name="AUTO_DEVICE"
     type="String"
     defaultValue="1SG280HU2F50E2VG"
     onHdl="0"
     affectsHdl="1" />
  <parameter
     name="AUTO_DEVICE_SPEEDGRADE"
     type="String"
     defaultValue="1"
     onHdl="0"
     affectsHdl="1" />
  <parameter
     name="AUTO_CLOCK_CLOCK_RATE"
     type="Long"
     defaultValue="-1"
     onHdl="0"
     affectsHdl="1" />
  <parameter
     name="AUTO_CLOCK_CLOCK_DOMAIN"
     type="Integer"
     defaultValue="-1"
     onHdl="0"
     affectsHdl="1" />
  <parameter
     name="AUTO_CLOCK_RESET_DOMAIN"
     type="Integer"
     defaultValue="-1"
     onHdl="0"
     affectsHdl="1" />
  <parameter
     name="AUTO_MASTER_ADDRESS_MAP"
     type="AddressMap"
     defaultValue=""
     onHdl="0"
     affectsHdl="1" />
  <parameter
     name="AUTO_MASTER_ADDRESS_WIDTH"
     type="AddressWidthType"
     defaultValue="-1"
     onHdl="0"
     affectsHdl="1" />
  <interface name="clock" kind="clock" start="0">
   <property name="clockRate" value="0" />
   <property name="externallyDriven" value="false" />
   <property name="ptfSchematicName" value="" />
   <port name="clk" direction="input" role="clk" width="1" />
  </interface>
  <interface name="reset" kind="reset" start="0">
   <property name="associatedClock" value="clock" />
   <property name="synchronousEdges" value="DEASSERT" />
   <port name="reset" direction="input" role="reset" width="1" />
  </interface>
  <interface name="slave" kind="axi4" start="0">
   <property name="associatedClock" value="clock" />
   <property name="associatedReset" value="reset" />
   <property name="trustzoneAware" value="true" />
   <property name="maximumOutstandingReads" value="1" />
   <property name="maximumOutstandingWrites" value="1" />
   <property name="maximumOutstandingTransactions" value="1" />
   <property name="readAcceptanceCapability" value="1" />
   <property name="writeAcceptanceCapability" value="1" />
   <property name="combinedAcceptanceCapability" value="2" />
   <property name="readDataReorderingDepth" value="1" />
   <property name="bridgesToMaster" value="qsys_top_axi_timeout_bridge_0.master" />
   <port name="s_awid" direction="input" role="awid" width="2" />
   <port name="s_awaddr" direction="input" role="awaddr" width="10" />
   <port name="s_awlen" direction="input" role="awlen" width="8" />
   <port name="s_awsize" direction="input" role="awsize" width="3" />
   <port name="s_awburst" direction="input" role="awburst" width="2" />
   <port name="s_awlock" direction="input" role="awlock" width="1" />
   <port name="s_awcache" direction="input" role="awcache" width="4" />
   <port name="s_awprot" direction="input" role="awprot" width="3" />
   <port name="s_awqos" direction="input" role="awqos" width="4" />
   <port name="s_awregion" direction="input" role="awregion" width="4" />
   <port name="s_awuser" direction="input" role="awuser" width="1" />
   <port name="s_awvalid" direction="input" role="awvalid" width="1" />
   <port name="s_awready" direction="output" role="awready" width="1" />
   <port name="s_wdata" direction="input" role="wdata" width="32" />
   <port name="s_wstrb" direction="input" role="wstrb" width="4" />
   <port name="s_wlast" direction="input" role="wlast" width="1" />
   <port name="s_wuser" direction="input" role="wuser" width="1" />
   <port name="s_wvalid" direction="input" role="wvalid" width="1" />
   <port name="s_wready" direction="output" role="wready" width="1" />
   <port name="s_bid" direction="output" role="bid" width="2" />
   <port name="s_bresp" direction="output" role="bresp" width="2" />
   <port name="s_buser" direction="output" role="buser" width="1" />
   <port name="s_bvalid" direction="output" role="bvalid" width="1" />
   <port name="s_bready" direction="input" role="bready" width="1" />
   <port name="s_arid" direction="input" role="arid" width="2" />
   <port name="s_araddr" direction="input" role="araddr" width="10" />
   <port name="s_arlen" direction="input" role="arlen" width="8" />
   <port name="s_arsize" direction="input" role="arsize" width="3" />
   <port name="s_arburst" direction="input" role="arburst" width="2" />
   <port name="s_arlock" direction="input" role="arlock" width="1" />
   <port name="s_arcache" direction="input" role="arcache" width="4" />
   <port name="s_arprot" direction="input" role="arprot" width="3" />
   <port name="s_arqos" direction="input" role="arqos" width="4" />
   <port name="s_arregion" direction="input" role="arregion" width="4" />
   <port name="s_aruser" direction="input" role="aruser" width="1" />
   <port name="s_arvalid" direction="input" role="arvalid" width="1" />
   <port name="s_arready" direction="output" role="arready" width="1" />
   <port name="s_rid" direction="output" role="rid" width="2" />
   <port name="s_rdata" direction="output" role="rdata" width="32" />
   <port name="s_rresp" direction="output" role="rresp" width="2" />
   <port name="s_rlast" direction="output" role="rlast" width="1" />
   <port name="s_ruser" direction="output" role="ruser" width="1" />
   <port name="s_rvalid" direction="output" role="rvalid" width="1" />
   <port name="s_rready" direction="input" role="rready" width="1" />
  </interface>
  <interface name="master" kind="axi4" start="1">
   <property name="associatedClock" value="clock" />
   <property name="associatedReset" value="reset" />
   <property name="trustzoneAware" value="true" />
   <property name="maximumOutstandingReads" value="1" />
   <property name="maximumOutstandingWrites" value="1" />
   <property name="maximumOutstandingTransactions" value="1" />
   <property name="readIssuingCapability" value="1" />
   <property name="writeIssuingCapability" value="1" />
   <property name="combinedIssuingCapability" value="2" />
   <property name="issuesINCRBursts" value="true" />
   <property name="issuesWRAPBursts" value="true" />
   <property name="issuesFIXEDBursts" value="true" />
   <port name="m_awid" direction="output" role="awid" width="2" />
   <port name="m_awaddr" direction="output" role="awaddr" width="10" />
   <port name="m_awlen" direction="output" role="awlen" width="8" />
   <port name="m_awsize" direction="output" role="awsize" width="3" />
   <port name="m_awburst" direction="output" role="awburst" width="2" />
   <port name="m_awlock" direction="output" role="awlock" width="1" />
   <port name="m_awcache" direction="output" role="awcache" width="4" />
   <port name="m_awprot" direction="output" role="awprot" width="3" />
   <port name="m_awqos" direction="output" role="awqos" width="4" />
   <port name="m_awregion" direction="output" role="awregion" width="4" />
   <port name="m_awuser" direction="output" role="awuser" width="1" />
   <port name="m_awvalid" direction="output" role="awvalid" width="1" />
   <port name="m_awready" direction="input" role="awready" width="1" />
   <port name="m_wdata" direction="output" role="wdata" width="32" />
   <port name="m_wstrb" direction="output" role="wstrb" width="4" />
   <port name="m_wlast" direction="output" role="wlast" width="1" />
   <port name="m_wuser" direction="output" role="wuser" width="1" />
   <port name="m_wvalid" direction="output" role="wvalid" width="1" />
   <port name="m_wready" direction="input" role="wready" width="1" />
   <port name="m_bid" direction="input" role="bid" width="2" />
   <port name="m_bresp" direction="input" role="bresp" width="2" />
   <port name="m_buser" direction="input" role="buser" width="1" />
   <port name="m_bvalid" direction="input" role="bvalid" width="1" />
   <port name="m_bready" direction="output" role="bready" width="1" />
   <port name="m_arid" direction="output" role="arid" width="2" />
   <port name="m_araddr" direction="output" role="araddr" width="10" />
   <port name="m_arlen" direction="output" role="arlen" width="8" />
   <port name="m_arsize" direction="output" role="arsize" width="3" />
   <port name="m_arburst" direction="output" role="arburst" width="2" />
   <port name="m_arlock" direction="output" role="arlock" width="1" />
   <port name="m_arcache" direction="output" role="arcache" width="4" />
   <port name="m_arprot" direction="output" role="arprot" width="3" />
   <port name="m_arqos" direction="output" role="arqos" width="4" />
   <port name="m_arregion" direction="output" role="arregion" width="4" />
   <port name="m_aruser" direction="output" role="aruser" width="1" />
   <port name="m_arvalid" direction="output" role="arvalid" width="1" />
   <port name="m_arready" direction="input" role="arready" width="1" />
   <port name="m_rid" direction="input" role="rid" width="2" />
   <port name="m_rdata" direction="input" role="rdata" width="32" />
   <port name="m_rresp" direction="input" role="rresp" width="2" />
   <port name="m_rlast" direction="input" role="rlast" width="1" />
   <port name="m_ruser" direction="input" role="ruser" width="1" />
   <port name="m_rvalid" direction="input" role="rvalid" width="1" />
   <port name="m_rready" direction="output" role="rready" width="1" />
  </interface>
  <interface name="csr" kind="axi4lite" start="0">
   <property name="associatedClock" value="clock" />
   <property name="associatedReset" value="reset" />
   <property name="trustzoneAware" value="true" />
   <property name="maximumOutstandingReads" value="1" />
   <property name="maximumOutstandingWrites" value="1" />
   <property name="maximumOutstandingTransactions" value="1" />
   <property name="readAcceptanceCapability" value="1" />
   <property name="writeAcceptanceCapability" value="1" />
   <property name="combinedAcceptanceCapability" value="1" />
   <property name="readDataReorderingDepth" value="1" />
   <property name="bridgesToMaster" value="" />
   <port name="csr_awaddr" direction="input" role="awaddr" width="4" />
   <port name="csr_awprot" direction="input" role="awprot" width="3" />
   <port name="csr_awvalid" direction="input" role="awvalid" width="1" />
   <port name="csr_awready" direction="output" role="awready" width="1" />
   <port name="csr_wdata" direction="input" role="wdata" width="32" />
   <port name="csr_wstrb" direction="input" role="wstrb" width="4" />
   <port name="csr_wvalid" direction="input" role="wvalid" width="1" />
   <port name="csr_wready" direction="output" role="wready" width="1" />
   <port name="csr_bresp" direction="output" role="bresp" width="2" />
   <port name="csr_bvalid" direction="output" role="bvalid" width="1" />
   <port name="csr_bready" direction="input" role="bready" width="1" />
   <port name="csr_araddr" direction="input" role="araddr" width="4" />
   <port name="csr_arprot" direction="input" role="arprot" width="3" />
   <port name="csr_arvalid" direction="input" role="arvalid" width="1" />
   <port name="csr_arready" direction="output" role="arready" width="1" />
   <port name="csr_rdata" direction="output" role="rdata" width="32" />
   <port name="csr_rresp" direction="output" role="rresp" width="2" />
   <port name="csr_rvalid" direction="output" role="rvalid" width="1" />
   <port name="csr_rready" direction="input" role="rready" width="1" />
  </interface>
  <interface name="interrupt" kind="interrupt" start="0">
   <property name="associatedAddressablePoint" value="" />
   <property name="associatedClock" value="" />
   <property name="associatedReset" value="" />
   <property name="bridgedReceiverOffset" value="0" />
   <property name="bridgesToReceiver" value="" />
   <property name="irqScheme" value="NONE" />
   <port name="irq" direction="output" role="irq" width="1" />
  </interface>
 </perimeter>
 <entity
   kind="qsys_top_axi_timeout_bridge_0"
   version="1.0"
   name="qsys_top_axi_timeout_bridge_0">
  <parameter name="AUTO_CLOCK_CLOCK_RATE" value="-1" />
  <parameter name="AUTO_CLOCK_CLOCK_DOMAIN" value="-1" />
  <parameter name="AUTO_CLOCK_RESET_DOMAIN" value="-1" />
  <parameter name="AUTO_GENERATION_ID" value="0" />
  <parameter name="AUTO_DEVICE" value="1SG280HU2F50E2VG" />
  <parameter name="AUTO_DEVICE_FAMILY" value="Stratix 10" />
  <parameter name="AUTO_MASTER_ADDRESS_MAP" value="" />
  <parameter name="AUTO_UNIQUE_ID" value="" />
  <parameter name="AUTO_DEVICE_SPEEDGRADE" value="2" />
  <parameter name="AUTO_MASTER_ADDRESS_WIDTH" value="-1" />
  <generatedFiles>
   <file
       path="C:\_WORK\22.1pro\S10_temp\ip\qsys_top\qsys_top_axi_timeout_bridge_0\synth\qsys_top_axi_timeout_bridge_0.v"
       attributes="CONTAINS_INLINE_CONFIGURATION" />
  </generatedFiles>
  <childGeneratedFiles>
   <file
       path="C:\_WORK\22.1pro\S10_temp\ip\qsys_top\qsys_top_axi_timeout_bridge_0\synth\qsys_top_axi_timeout_bridge_0.v"
       attributes="CONTAINS_INLINE_CONFIGURATION" />
  </childGeneratedFiles>
  <sourceFiles>
   <file
       path="C:/_WORK/22.1pro/S10_temp/ip/qsys_top/qsys_top_axi_timeout_bridge_0.ip" />
  </sourceFiles>
  <childSourceFiles>
   <file
       path="C:/intelfpga_pro/22.1/ip/altera/merlin/altera_axi_timeout_bridge/altera_axi_timeout_bridge_hw.tcl" />
  </childSourceFiles>
  <messages>
   <message level="Info" culprit="qsys_top_axi_timeout_bridge_0">"Generating: qsys_top_axi_timeout_bridge_0"</message>
   <message level="Info" culprit="qsys_top_axi_timeout_bridge_0">"Generating: altera_axi_timeout_bridge"</message>
  </messages>
 </entity>
 <entity
   kind="altera_axi_timeout_bridge"
   version="19.2.1"
   name="altera_axi_timeout_bridge">
  <parameter name="ADDRESS_WIDTH" value="10" />
  <parameter name="MAX_CYCLES" value="256" />
  <parameter name="LEGACY_BEHAVIOR" value="0" />
  <parameter name="DATA_WIDTH" value="32" />
  <parameter name="ID_WIDTH" value="2" />
  <parameter name="USER_WIDTH" value="1" />
  <parameter name="SYNC_RESET" value="0" />
  <parameter name="MAX_OUTSTANDING_WRITES" value="1" />
  <parameter name="MAX_OUTSTANDING_READS" value="1" />
  <generatedFiles>
   <file
       path="C:\_WORK\22.1pro\S10_temp\ip\qsys_top\qsys_top_axi_timeout_bridge_0\altera_axi_timeout_bridge_1921\synth\altera_axi_timeout_bridge.sv"
       attributes="" />
   <file
       path="C:\_WORK\22.1pro\S10_temp\ip\qsys_top\qsys_top_axi_timeout_bridge_0\altera_axi_timeout_bridge_1921\synth\altera_avalon_sc_fifo.v"
       attributes="" />
  </generatedFiles>
  <childGeneratedFiles>
   <file
       path="C:\_WORK\22.1pro\S10_temp\ip\qsys_top\qsys_top_axi_timeout_bridge_0\altera_axi_timeout_bridge_1921\synth\altera_axi_timeout_bridge.sv"
       attributes="" />
   <file
       path="C:\_WORK\22.1pro\S10_temp\ip\qsys_top\qsys_top_axi_timeout_bridge_0\altera_axi_timeout_bridge_1921\synth\altera_avalon_sc_fifo.v"
       attributes="" />
  </childGeneratedFiles>
  <sourceFiles>
   <file
       path="C:/intelfpga_pro/22.1/ip/altera/merlin/altera_axi_timeout_bridge/altera_axi_timeout_bridge_hw.tcl" />
  </sourceFiles>
  <childSourceFiles/>
  <instantiator
     instantiator="qsys_top_axi_timeout_bridge_0"
     as="axi_timeout_bridge_0" />
  <messages>
   <message level="Info" culprit="qsys_top_axi_timeout_bridge_0">"Generating: altera_axi_timeout_bridge"</message>
  </messages>
 </entity>
</deploy>
