# system info qsys_top on 2022.10.17.15:57:43
system_info:
name,value
DEVICE,1SG280LN2F43E1VG
DEVICE_FAMILY,Stratix 10
GENERATION_ID,0
#
#
# Files generated for qsys_top on 2022.10.17.15:57:43
files:
filepath,kind,attributes,module,is_top
sim/qsys_top.v,VERILOG,CONTAINS_INLINE_CONFIGURATION,qsys_top,true
altera_mm_interconnect_1920/sim/qsys_top_altera_mm_interconnect_1920_bars43i.v,VERILOG,CONTAINS_INLINE_CONFIGURATION,qsys_top_altera_mm_interconnect_1920_bars43i,false
altera_mm_interconnect_1920/sim/qsys_top_altera_mm_interconnect_1920_msft7iy.v,VERILOG,CONTAINS_INLINE_CONFIGURATION,qsys_top_altera_mm_interconnect_1920_msft7iy,false
altera_irq_mapper_1920/sim/qsys_top_altera_irq_mapper_1920_mwj2pta.sv,SYSTEM_VERILOG,,qsys_top_altera_irq_mapper_1920_mwj2pta,false
altera_irq_clock_crosser_1920/sim/qsys_top_altera_irq_clock_crosser_1920_rmx2ucq.sv,SYSTEM_VERILOG,,qsys_top_altera_irq_clock_crosser_1920_rmx2ucq,false
altera_reset_controller_1921/sim/altera_reset_controller.v,VERILOG,,altera_reset_controller,false
altera_reset_controller_1921/sim/altera_reset_synchronizer.v,VERILOG,,altera_reset_controller,false
altera_reset_controller_1921/sim/altera_reset_controller.sdc,SDC_ENTITY,NO_AUTO_INSTANCE_DISCOVERY NO_SDC_PROMOTION,altera_reset_controller,false
altera_merlin_master_translator_191/sim/qsys_top_altera_merlin_master_translator_191_g7h47bq.sv,SYSTEM_VERILOG,,qsys_top_altera_merlin_master_translator_191_g7h47bq,false
altera_merlin_slave_translator_191/sim/qsys_top_altera_merlin_slave_translator_191_x56fcki.sv,SYSTEM_VERILOG,,qsys_top_altera_merlin_slave_translator_191_x56fcki,false
altera_merlin_axi_translator_1921/sim/qsys_top_altera_merlin_axi_translator_1921_uetfduq.sv,SYSTEM_VERILOG,,qsys_top_altera_merlin_axi_translator_1921_uetfduq,false
altera_merlin_master_agent_191/sim/qsys_top_altera_merlin_master_agent_191_mpbm6tq.sv,SYSTEM_VERILOG,,qsys_top_altera_merlin_master_agent_191_mpbm6tq,false
altera_merlin_axi_slave_ni_1931/sim/altera_merlin_burst_uncompressor.sv,SYSTEM_VERILOG,,qsys_top_altera_merlin_axi_slave_ni_1931_pqg5gki,false
altera_merlin_axi_slave_ni_1931/sim/altera_merlin_address_alignment.sv,SYSTEM_VERILOG,,qsys_top_altera_merlin_axi_slave_ni_1931_pqg5gki,false
altera_merlin_axi_slave_ni_1931/sim/qsys_top_altera_merlin_axi_slave_ni_1931_pqg5gki.sv,SYSTEM_VERILOG,,qsys_top_altera_merlin_axi_slave_ni_1931_pqg5gki,false
altera_merlin_slave_agent_191/sim/qsys_top_altera_merlin_slave_agent_191_ncfkfri.sv,SYSTEM_VERILOG,,qsys_top_altera_merlin_slave_agent_191_ncfkfri,false
altera_merlin_slave_agent_191/sim/altera_merlin_burst_uncompressor.sv,SYSTEM_VERILOG,,qsys_top_altera_merlin_slave_agent_191_ncfkfri,false
altera_merlin_axi_slave_ni_1931/sim/altera_merlin_burst_uncompressor.sv,SYSTEM_VERILOG,,qsys_top_altera_merlin_axi_slave_ni_1931_x3iplwq,false
altera_merlin_axi_slave_ni_1931/sim/altera_merlin_address_alignment.sv,SYSTEM_VERILOG,,qsys_top_altera_merlin_axi_slave_ni_1931_x3iplwq,false
altera_merlin_axi_slave_ni_1931/sim/qsys_top_altera_merlin_axi_slave_ni_1931_x3iplwq.sv,SYSTEM_VERILOG,,qsys_top_altera_merlin_axi_slave_ni_1931_x3iplwq,false
altera_merlin_router_1921/sim/qsys_top_altera_merlin_router_1921_rj5oqoq.sv,SYSTEM_VERILOG,,qsys_top_altera_merlin_router_1921_rj5oqoq,false
altera_merlin_router_1921/sim/qsys_top_altera_merlin_router_1921_emnyyqi.sv,SYSTEM_VERILOG,,qsys_top_altera_merlin_router_1921_emnyyqi,false
altera_merlin_router_1921/sim/qsys_top_altera_merlin_router_1921_d3p7dai.sv,SYSTEM_VERILOG,,qsys_top_altera_merlin_router_1921_d3p7dai,false
altera_merlin_router_1921/sim/qsys_top_altera_merlin_router_1921_ghenm2q.sv,SYSTEM_VERILOG,,qsys_top_altera_merlin_router_1921_ghenm2q,false
altera_merlin_traffic_limiter_191/sim/altera_merlin_reorder_memory.sv,SYSTEM_VERILOG,,qsys_top_altera_merlin_traffic_limiter_191_6blplji,false
altera_merlin_traffic_limiter_191/sim/altera_avalon_st_pipeline_base.v,SYSTEM_VERILOG,,qsys_top_altera_merlin_traffic_limiter_191_6blplji,false
altera_merlin_traffic_limiter_191/sim/qsys_top_altera_merlin_traffic_limiter_191_6blplji.sv,SYSTEM_VERILOG,,qsys_top_altera_merlin_traffic_limiter_191_6blplji,false
altera_merlin_demultiplexer_1921/sim/qsys_top_altera_merlin_demultiplexer_1921_lyidtby.sv,SYSTEM_VERILOG,,qsys_top_altera_merlin_demultiplexer_1921_lyidtby,false
altera_merlin_demultiplexer_1921/sim/qsys_top_altera_merlin_demultiplexer_1921_67wszhi.sv,SYSTEM_VERILOG,,qsys_top_altera_merlin_demultiplexer_1921_67wszhi,false
altera_merlin_multiplexer_1921/sim/qsys_top_altera_merlin_multiplexer_1921_ult5czy.sv,SYSTEM_VERILOG,,qsys_top_altera_merlin_multiplexer_1921_ult5czy,false
altera_merlin_multiplexer_1921/sim/altera_merlin_arbitrator.sv,SYSTEM_VERILOG,,qsys_top_altera_merlin_multiplexer_1921_ult5czy,false
altera_merlin_multiplexer_1921/sim/qsys_top_altera_merlin_multiplexer_1921_xnzkgpy.sv,SYSTEM_VERILOG,,qsys_top_altera_merlin_multiplexer_1921_xnzkgpy,false
altera_merlin_multiplexer_1921/sim/altera_merlin_arbitrator.sv,SYSTEM_VERILOG,,qsys_top_altera_merlin_multiplexer_1921_xnzkgpy,false
altera_merlin_demultiplexer_1921/sim/qsys_top_altera_merlin_demultiplexer_1921_mthhoaq.sv,SYSTEM_VERILOG,,qsys_top_altera_merlin_demultiplexer_1921_mthhoaq,false
altera_merlin_demultiplexer_1921/sim/qsys_top_altera_merlin_demultiplexer_1921_a4k7evi.sv,SYSTEM_VERILOG,,qsys_top_altera_merlin_demultiplexer_1921_a4k7evi,false
altera_merlin_multiplexer_1921/sim/qsys_top_altera_merlin_multiplexer_1921_fwe6flq.sv,SYSTEM_VERILOG,,qsys_top_altera_merlin_multiplexer_1921_fwe6flq,false
altera_merlin_multiplexer_1921/sim/altera_merlin_arbitrator.sv,SYSTEM_VERILOG,,qsys_top_altera_merlin_multiplexer_1921_fwe6flq,false
altera_merlin_multiplexer_1921/sim/qsys_top_altera_merlin_multiplexer_1921_uivikgi.sv,SYSTEM_VERILOG,,qsys_top_altera_merlin_multiplexer_1921_uivikgi,false
altera_merlin_multiplexer_1921/sim/altera_merlin_arbitrator.sv,SYSTEM_VERILOG,,qsys_top_altera_merlin_multiplexer_1921_uivikgi,false
altera_merlin_axi_master_ni_1940/sim/altera_merlin_address_alignment.sv,SYSTEM_VERILOG,,qsys_top_altera_merlin_axi_master_ni_1940_xmlitzq,false
altera_merlin_axi_master_ni_1940/sim/qsys_top_altera_merlin_axi_master_ni_1940_xmlitzq.sv,SYSTEM_VERILOG,,qsys_top_altera_merlin_axi_master_ni_1940_xmlitzq,false
altera_merlin_router_1921/sim/qsys_top_altera_merlin_router_1921_w7oixpy.sv,SYSTEM_VERILOG,,qsys_top_altera_merlin_router_1921_w7oixpy,false
altera_merlin_router_1921/sim/qsys_top_altera_merlin_router_1921_hyhy6vy.sv,SYSTEM_VERILOG,,qsys_top_altera_merlin_router_1921_hyhy6vy,false
altera_merlin_burst_adapter_1922/sim/qsys_top_altera_merlin_burst_adapter_1922_rte672i.sv,SYSTEM_VERILOG,,qsys_top_altera_merlin_burst_adapter_1922_rte672i,false
altera_merlin_burst_adapter_1922/sim/altera_merlin_burst_adapter_uncmpr.sv,SYSTEM_VERILOG,,qsys_top_altera_merlin_burst_adapter_1922_rte672i,false
altera_merlin_burst_adapter_1922/sim/altera_merlin_burst_adapter_13_1.sv,SYSTEM_VERILOG,,qsys_top_altera_merlin_burst_adapter_1922_rte672i,false
altera_merlin_burst_adapter_1922/sim/altera_merlin_burst_adapter_new.sv,SYSTEM_VERILOG,,qsys_top_altera_merlin_burst_adapter_1922_rte672i,false
altera_merlin_burst_adapter_1922/sim/altera_incr_burst_converter.sv,SYSTEM_VERILOG,,qsys_top_altera_merlin_burst_adapter_1922_rte672i,false
altera_merlin_burst_adapter_1922/sim/altera_wrap_burst_converter.sv,SYSTEM_VERILOG,,qsys_top_altera_merlin_burst_adapter_1922_rte672i,false
altera_merlin_burst_adapter_1922/sim/altera_default_burst_converter.sv,SYSTEM_VERILOG,,qsys_top_altera_merlin_burst_adapter_1922_rte672i,false
altera_merlin_burst_adapter_1922/sim/altera_merlin_address_alignment.sv,SYSTEM_VERILOG,,qsys_top_altera_merlin_burst_adapter_1922_rte672i,false
altera_merlin_demultiplexer_1921/sim/qsys_top_altera_merlin_demultiplexer_1921_nfut5ki.sv,SYSTEM_VERILOG,,qsys_top_altera_merlin_demultiplexer_1921_nfut5ki,false
altera_merlin_multiplexer_1921/sim/qsys_top_altera_merlin_multiplexer_1921_cdvyqda.sv,SYSTEM_VERILOG,,qsys_top_altera_merlin_multiplexer_1921_cdvyqda,false
altera_merlin_multiplexer_1921/sim/altera_merlin_arbitrator.sv,SYSTEM_VERILOG,,qsys_top_altera_merlin_multiplexer_1921_cdvyqda,false
altera_merlin_demultiplexer_1921/sim/qsys_top_altera_merlin_demultiplexer_1921_yva7ala.sv,SYSTEM_VERILOG,,qsys_top_altera_merlin_demultiplexer_1921_yva7ala,false
altera_merlin_multiplexer_1921/sim/qsys_top_altera_merlin_multiplexer_1921_f5jyfdq.sv,SYSTEM_VERILOG,,qsys_top_altera_merlin_multiplexer_1921_f5jyfdq,false
altera_merlin_multiplexer_1921/sim/altera_merlin_arbitrator.sv,SYSTEM_VERILOG,,qsys_top_altera_merlin_multiplexer_1921_f5jyfdq,false
altera_merlin_axi_slave_ni_1931/sim/qsys_top_altera_merlin_axi_slave_ni_altera_avalon_sc_fifo_1931_zslbuhi.v,VERILOG,CONTAINS_INLINE_CONFIGURATION,qsys_top_altera_merlin_axi_slave_ni_altera_avalon_sc_fifo_1931_zslbuhi,false
altera_merlin_axi_slave_ni_1931/sim/qsys_top_altera_merlin_axi_slave_ni_altera_avalon_sc_fifo_1931_zslbuhi.v,VERILOG,CONTAINS_INLINE_CONFIGURATION,qsys_top_altera_merlin_axi_slave_ni_altera_avalon_sc_fifo_1931_zslbuhi,false
altera_merlin_traffic_limiter_191/sim/qsys_top_altera_merlin_traffic_limiter_altera_avalon_sc_fifo_191_pi5xryi.v,VERILOG,CONTAINS_INLINE_CONFIGURATION,qsys_top_altera_merlin_traffic_limiter_altera_avalon_sc_fifo_191_pi5xryi,false
altera_avalon_sc_fifo_1931/sim/qsys_top_altera_avalon_sc_fifo_1931_vhmcgqy.v,VERILOG,,qsys_top_altera_avalon_sc_fifo_1931_vhmcgqy,false
altera_merlin_burst_adapter_1922/sim/qsys_top_altera_merlin_burst_adapter_altera_avalon_st_pipeline_stage_1922_gttxmka.v,VERILOG,CONTAINS_INLINE_CONFIGURATION,qsys_top_altera_merlin_burst_adapter_altera_avalon_st_pipeline_stage_1922_gttxmka,false
altera_avalon_st_pipeline_stage_1920/sim/qsys_top_altera_avalon_st_pipeline_stage_1920_zterisq.sv,SYSTEM_VERILOG,,qsys_top_altera_avalon_st_pipeline_stage_1920_zterisq,false
altera_avalon_st_pipeline_stage_1920/sim/altera_avalon_st_pipeline_base.v,SYSTEM_VERILOG,,qsys_top_altera_avalon_st_pipeline_stage_1920_zterisq,false
#
# Map from instance-path to kind of module
instances:
instancePath,module
qsys_top.avmm_test_comp_0,qsys_top_avmm_test_comp_0
qsys_top.axi_timeout_bridge_0,qsys_top_axi_timeout_bridge_0
qsys_top.clock_in,qsys_top_clock_in_0
qsys_top.jtag_uart_0,qsys_top_jtag_uart_0
qsys_top.nios2_gen2_0,qsys_top_nios2_gen2_0
qsys_top.onchip_memory2_0,qsys_top_onchip_memory2_0
qsys_top.reset_in,qsys_top_reset_in_0
qsys_top.sysid_qsys_0,qsys_top_sysid_qsys_0
qsys_top.mm_interconnect_0,qsys_top_altera_mm_interconnect_1920_bars43i
qsys_top.mm_interconnect_0.nios2_gen2_0_data_master_translator,qsys_top_altera_merlin_master_translator_191_g7h47bq
qsys_top.mm_interconnect_0.nios2_gen2_0_instruction_master_translator,qsys_top_altera_merlin_master_translator_191_g7h47bq
qsys_top.mm_interconnect_0.jtag_uart_0_avalon_jtag_slave_translator,qsys_top_altera_merlin_slave_translator_191_x56fcki
qsys_top.mm_interconnect_0.sysid_qsys_0_control_slave_translator,qsys_top_altera_merlin_slave_translator_191_x56fcki
qsys_top.mm_interconnect_0.nios2_gen2_0_debug_mem_slave_translator,qsys_top_altera_merlin_slave_translator_191_x56fcki
qsys_top.mm_interconnect_0.onchip_memory2_0_s1_translator,qsys_top_altera_merlin_slave_translator_191_x56fcki
qsys_top.mm_interconnect_0.axi_timeout_bridge_0_slave_translator,qsys_top_altera_merlin_axi_translator_1921_uetfduq
qsys_top.mm_interconnect_0.nios2_gen2_0_data_master_agent,qsys_top_altera_merlin_master_agent_191_mpbm6tq
qsys_top.mm_interconnect_0.nios2_gen2_0_instruction_master_agent,qsys_top_altera_merlin_master_agent_191_mpbm6tq
qsys_top.mm_interconnect_0.axi_timeout_bridge_0_csr_agent,qsys_top_altera_merlin_axi_slave_ni_1931_pqg5gki
qsys_top.mm_interconnect_0.axi_timeout_bridge_0_csr_agent.my_altera_avalon_sc_fifo_wr,qsys_top_altera_merlin_axi_slave_ni_altera_avalon_sc_fifo_1931_zslbuhi
qsys_top.mm_interconnect_0.axi_timeout_bridge_0_csr_agent.my_altera_avalon_sc_fifo_wr.my_altera_avalon_sc_fifo_wr,qsys_top_altera_avalon_sc_fifo_1931_vhmcgqy
qsys_top.mm_interconnect_0.axi_timeout_bridge_0_csr_agent.my_altera_avalon_sc_fifo_rd,qsys_top_altera_merlin_axi_slave_ni_altera_avalon_sc_fifo_1931_zslbuhi
qsys_top.mm_interconnect_0.axi_timeout_bridge_0_csr_agent.my_altera_avalon_sc_fifo_rd.my_altera_avalon_sc_fifo_wr,qsys_top_altera_avalon_sc_fifo_1931_vhmcgqy
qsys_top.mm_interconnect_0.jtag_uart_0_avalon_jtag_slave_agent,qsys_top_altera_merlin_slave_agent_191_ncfkfri
qsys_top.mm_interconnect_0.sysid_qsys_0_control_slave_agent,qsys_top_altera_merlin_slave_agent_191_ncfkfri
qsys_top.mm_interconnect_0.nios2_gen2_0_debug_mem_slave_agent,qsys_top_altera_merlin_slave_agent_191_ncfkfri
qsys_top.mm_interconnect_0.onchip_memory2_0_s1_agent,qsys_top_altera_merlin_slave_agent_191_ncfkfri
qsys_top.mm_interconnect_0.jtag_uart_0_avalon_jtag_slave_agent_rsp_fifo,qsys_top_altera_avalon_sc_fifo_1931_vhmcgqy
qsys_top.mm_interconnect_0.sysid_qsys_0_control_slave_agent_rsp_fifo,qsys_top_altera_avalon_sc_fifo_1931_vhmcgqy
qsys_top.mm_interconnect_0.nios2_gen2_0_debug_mem_slave_agent_rsp_fifo,qsys_top_altera_avalon_sc_fifo_1931_vhmcgqy
qsys_top.mm_interconnect_0.onchip_memory2_0_s1_agent_rsp_fifo,qsys_top_altera_avalon_sc_fifo_1931_vhmcgqy
qsys_top.mm_interconnect_0.axi_timeout_bridge_0_slave_agent,qsys_top_altera_merlin_axi_slave_ni_1931_x3iplwq
qsys_top.mm_interconnect_0.axi_timeout_bridge_0_slave_agent.my_altera_avalon_sc_fifo_wr,qsys_top_altera_merlin_axi_slave_ni_altera_avalon_sc_fifo_1931_zslbuhi
qsys_top.mm_interconnect_0.axi_timeout_bridge_0_slave_agent.my_altera_avalon_sc_fifo_wr.my_altera_avalon_sc_fifo_wr,qsys_top_altera_avalon_sc_fifo_1931_vhmcgqy
qsys_top.mm_interconnect_0.axi_timeout_bridge_0_slave_agent.my_altera_avalon_sc_fifo_rd,qsys_top_altera_merlin_axi_slave_ni_altera_avalon_sc_fifo_1931_zslbuhi
qsys_top.mm_interconnect_0.axi_timeout_bridge_0_slave_agent.my_altera_avalon_sc_fifo_rd.my_altera_avalon_sc_fifo_wr,qsys_top_altera_avalon_sc_fifo_1931_vhmcgqy
qsys_top.mm_interconnect_0.router,qsys_top_altera_merlin_router_1921_rj5oqoq
qsys_top.mm_interconnect_0.router_001,qsys_top_altera_merlin_router_1921_emnyyqi
qsys_top.mm_interconnect_0.router_002,qsys_top_altera_merlin_router_1921_d3p7dai
qsys_top.mm_interconnect_0.router_003,qsys_top_altera_merlin_router_1921_d3p7dai
qsys_top.mm_interconnect_0.router_004,qsys_top_altera_merlin_router_1921_d3p7dai
qsys_top.mm_interconnect_0.router_005,qsys_top_altera_merlin_router_1921_d3p7dai
qsys_top.mm_interconnect_0.router_008,qsys_top_altera_merlin_router_1921_d3p7dai
qsys_top.mm_interconnect_0.router_009,qsys_top_altera_merlin_router_1921_d3p7dai
qsys_top.mm_interconnect_0.router_006,qsys_top_altera_merlin_router_1921_ghenm2q
qsys_top.mm_interconnect_0.router_007,qsys_top_altera_merlin_router_1921_ghenm2q
qsys_top.mm_interconnect_0.nios2_gen2_0_data_master_limiter,qsys_top_altera_merlin_traffic_limiter_191_6blplji
qsys_top.mm_interconnect_0.nios2_gen2_0_data_master_limiter.my_altera_avalon_sc_fifo_dest_id_fifo,qsys_top_altera_merlin_traffic_limiter_altera_avalon_sc_fifo_191_pi5xryi
qsys_top.mm_interconnect_0.nios2_gen2_0_data_master_limiter.my_altera_avalon_sc_fifo_dest_id_fifo.my_altera_avalon_sc_fifo_dest_id_fifo,qsys_top_altera_avalon_sc_fifo_1931_vhmcgqy
qsys_top.mm_interconnect_0.nios2_gen2_0_instruction_master_limiter,qsys_top_altera_merlin_traffic_limiter_191_6blplji
qsys_top.mm_interconnect_0.nios2_gen2_0_instruction_master_limiter.my_altera_avalon_sc_fifo_dest_id_fifo,qsys_top_altera_merlin_traffic_limiter_altera_avalon_sc_fifo_191_pi5xryi
qsys_top.mm_interconnect_0.nios2_gen2_0_instruction_master_limiter.my_altera_avalon_sc_fifo_dest_id_fifo.my_altera_avalon_sc_fifo_dest_id_fifo,qsys_top_altera_avalon_sc_fifo_1931_vhmcgqy
qsys_top.mm_interconnect_0.cmd_demux,qsys_top_altera_merlin_demultiplexer_1921_lyidtby
qsys_top.mm_interconnect_0.cmd_demux_001,qsys_top_altera_merlin_demultiplexer_1921_67wszhi
qsys_top.mm_interconnect_0.cmd_mux,qsys_top_altera_merlin_multiplexer_1921_ult5czy
qsys_top.mm_interconnect_0.cmd_mux_001,qsys_top_altera_merlin_multiplexer_1921_ult5czy
qsys_top.mm_interconnect_0.cmd_mux_002,qsys_top_altera_merlin_multiplexer_1921_ult5czy
qsys_top.mm_interconnect_0.cmd_mux_003,qsys_top_altera_merlin_multiplexer_1921_ult5czy
qsys_top.mm_interconnect_0.cmd_mux_006,qsys_top_altera_merlin_multiplexer_1921_ult5czy
qsys_top.mm_interconnect_0.cmd_mux_007,qsys_top_altera_merlin_multiplexer_1921_ult5czy
qsys_top.mm_interconnect_0.cmd_mux_004,qsys_top_altera_merlin_multiplexer_1921_xnzkgpy
qsys_top.mm_interconnect_0.cmd_mux_005,qsys_top_altera_merlin_multiplexer_1921_xnzkgpy
qsys_top.mm_interconnect_0.rsp_demux,qsys_top_altera_merlin_demultiplexer_1921_mthhoaq
qsys_top.mm_interconnect_0.rsp_demux_001,qsys_top_altera_merlin_demultiplexer_1921_mthhoaq
qsys_top.mm_interconnect_0.rsp_demux_002,qsys_top_altera_merlin_demultiplexer_1921_mthhoaq
qsys_top.mm_interconnect_0.rsp_demux_003,qsys_top_altera_merlin_demultiplexer_1921_mthhoaq
qsys_top.mm_interconnect_0.rsp_demux_006,qsys_top_altera_merlin_demultiplexer_1921_mthhoaq
qsys_top.mm_interconnect_0.rsp_demux_007,qsys_top_altera_merlin_demultiplexer_1921_mthhoaq
qsys_top.mm_interconnect_0.rsp_demux_004,qsys_top_altera_merlin_demultiplexer_1921_a4k7evi
qsys_top.mm_interconnect_0.rsp_demux_005,qsys_top_altera_merlin_demultiplexer_1921_a4k7evi
qsys_top.mm_interconnect_0.rsp_mux,qsys_top_altera_merlin_multiplexer_1921_fwe6flq
qsys_top.mm_interconnect_0.rsp_mux_001,qsys_top_altera_merlin_multiplexer_1921_uivikgi
qsys_top.mm_interconnect_1,qsys_top_altera_mm_interconnect_1920_msft7iy
qsys_top.mm_interconnect_1.axi_timeout_bridge_0_master_translator,qsys_top_altera_merlin_axi_translator_1921_uetfduq
qsys_top.mm_interconnect_1.avmm_test_comp_0_s0_translator,qsys_top_altera_merlin_slave_translator_191_x56fcki
qsys_top.mm_interconnect_1.axi_timeout_bridge_0_master_agent,qsys_top_altera_merlin_axi_master_ni_1940_xmlitzq
qsys_top.mm_interconnect_1.avmm_test_comp_0_s0_agent,qsys_top_altera_merlin_slave_agent_191_ncfkfri
qsys_top.mm_interconnect_1.avmm_test_comp_0_s0_agent_rsp_fifo,qsys_top_altera_avalon_sc_fifo_1931_vhmcgqy
qsys_top.mm_interconnect_1.avmm_test_comp_0_s0_agent_rdata_fifo,qsys_top_altera_avalon_sc_fifo_1931_vhmcgqy
qsys_top.mm_interconnect_1.router,qsys_top_altera_merlin_router_1921_w7oixpy
qsys_top.mm_interconnect_1.router_001,qsys_top_altera_merlin_router_1921_w7oixpy
qsys_top.mm_interconnect_1.router_002,qsys_top_altera_merlin_router_1921_hyhy6vy
qsys_top.mm_interconnect_1.avmm_test_comp_0_s0_burst_adapter,qsys_top_altera_merlin_burst_adapter_1922_rte672i
qsys_top.mm_interconnect_1.avmm_test_comp_0_s0_burst_adapter.my_altera_avalon_st_pipeline_stage,qsys_top_altera_merlin_burst_adapter_altera_avalon_st_pipeline_stage_1922_gttxmka
qsys_top.mm_interconnect_1.avmm_test_comp_0_s0_burst_adapter.my_altera_avalon_st_pipeline_stage.my_altera_avalon_st_pipeline_stage,qsys_top_altera_avalon_st_pipeline_stage_1920_zterisq
qsys_top.mm_interconnect_1.cmd_demux,qsys_top_altera_merlin_demultiplexer_1921_nfut5ki
qsys_top.mm_interconnect_1.cmd_demux_001,qsys_top_altera_merlin_demultiplexer_1921_nfut5ki
qsys_top.mm_interconnect_1.cmd_mux,qsys_top_altera_merlin_multiplexer_1921_cdvyqda
qsys_top.mm_interconnect_1.rsp_demux,qsys_top_altera_merlin_demultiplexer_1921_yva7ala
qsys_top.mm_interconnect_1.rsp_mux,qsys_top_altera_merlin_multiplexer_1921_f5jyfdq
qsys_top.mm_interconnect_1.rsp_mux_001,qsys_top_altera_merlin_multiplexer_1921_f5jyfdq
qsys_top.irq_mapper,qsys_top_altera_irq_mapper_1920_mwj2pta
qsys_top.irq_synchronizer,qsys_top_altera_irq_clock_crosser_1920_rmx2ucq
qsys_top.rst_controller,altera_reset_controller
qsys_top.rst_controller_001,altera_reset_controller
qsys_top.rst_controller_002,altera_reset_controller
qsys_top.rst_controller_003,altera_reset_controller
